<vm name="LLVM_OPT">
  <binaryOptions>
  <configurationOption>
      <name>time_passes</name>
      <outputString>time_passes</outputString>
      <prefix>
      </prefix>
      <postfix>
      </postfix>
      <parent>
      </parent>
      <children />
      <impliedOptions />
      <excludedOptions />
      <optional>False</optional>
    </configurationOption>
    <configurationOption>
      <name>gvn</name>
      <outputString>gvn</outputString>
      <prefix>
      </prefix>
      <postfix>
      </postfix>
      <parent>
      </parent>
      <children />
      <impliedOptions />
      <excludedOptions />
      <optional>True</optional>
    </configurationOption>
    <configurationOption>
      <name>instcombine</name>
      <outputString>instcombine</outputString>
      <prefix>
      </prefix>
      <postfix>
      </postfix>
      <parent>
      </parent>
      <children />
      <impliedOptions />
      <excludedOptions />
      <optional>True</optional>
    </configurationOption>
    <configurationOption>
      <name>inline</name>
      <outputString>inline</outputString>
      <prefix>
      </prefix>
      <postfix>
      </postfix>
      <parent>
      </parent>
      <children />
      <impliedOptions />
      <excludedOptions />
      <optional>True</optional>
    </configurationOption>
    <configurationOption>
      <name>jump_threading</name>
      <outputString>jump_threading</outputString>
      <prefix>
      </prefix>
      <postfix>
      </postfix>
      <parent>
      </parent>
      <children />
      <impliedOptions />
      <excludedOptions />
      <optional>True</optional>
    </configurationOption>
    <configurationOption>
      <name>simplifycfg</name>
      <outputString>simplifycfg</outputString>
      <prefix>
      </prefix>
      <postfix>
      </postfix>
      <parent>
      </parent>
      <children />
      <impliedOptions />
      <excludedOptions />
      <optional>True</optional>
    </configurationOption>
    <configurationOption>
      <name>sccp</name>
      <outputString>sccp</outputString>
      <prefix>
      </prefix>
      <postfix>
      </postfix>
      <parent>
      </parent>
      <children />
      <impliedOptions />
      <excludedOptions />
      <optional>True</optional>
    </configurationOption>
    <configurationOption>
      <name>ipsccp</name>
      <outputString>ipsccp</outputString>
      <prefix>
      </prefix>
      <postfix>
      </postfix>
      <parent>
      </parent>
      <children />
      <impliedOptions />
      <excludedOptions />
      <optional>True</optional>
    </configurationOption>
    <configurationOption>
      <name>licm</name>
      <outputString>licm</outputString>
      <prefix>
      </prefix>
      <postfix>
      </postfix>
      <parent>
      </parent>
      <children />
      <impliedOptions />
      <excludedOptions />
      <optional>True</optional>
    </configurationOption>
    <configurationOption>
      <name>iv_users</name>
      <outputString>iv_users</outputString>
      <prefix>
      </prefix>
      <postfix>
      </postfix>
      <parent>
      </parent>
      <children />
      <impliedOptions />
      <excludedOptions />
      <optional>True</optional>
    </configurationOption>
  </binaryOptions>
  <numericOptions />
  <booleanConstraints />
  <nonBooleanConstraints />
</vm>